name,kind,path
AdminGate,shell,components/AdminGate.tsx
AuthGate,shell,components/AuthGate.tsx
AppLayout,layout,components/layout/AppLayout.tsx
Sidebar,layout,components/layout/Sidebar.tsx
SidebarMobileToggle,layout,components/layout/Sidebar.tsx
TopNav,layout,components/layout/TopNav.tsx
MaterialIcon,shell,components/MaterialIcon.tsx
OpsCard,shell,components/OpsCard.tsx
PageHeader,shell,components/PageHeader.tsx
PageShell,shell,components/PageShell.tsx
ProtectedRoute,shell,components/ProtectedRoute.tsx
QueryState,shell,components/QueryState.tsx
StatusPill,shell,components/StatusPill.tsx
Badge,ui,components/ui/badge.tsx
Button,ui,components/ui/button.tsx
Card,ui,components/ui/card.tsx
CardAction,ui,components/ui/card.tsx
CardContent,ui,components/ui/card.tsx
CardDescription,ui,components/ui/card.tsx
CardFooter,ui,components/ui/card.tsx
CardHeader,ui,components/ui/card.tsx
CardTitle,ui,components/ui/card.tsx
Dialog,ui,components/ui/dialog.tsx
DialogClose,ui,components/ui/dialog.tsx
DialogContent,ui,components/ui/dialog.tsx
DialogTrigger,ui,components/ui/dialog.tsx
GlassPanel,ui,components/ui/glass-panel.tsx
HudBar,ui,components/ui/glass-panel.tsx
Input,ui,components/ui/input.tsx
Label,ui,components/ui/label.tsx
ListDetailItem,ui,components/ui/list-detail-item.tsx
Sheet,ui,components/ui/sheet.tsx
SheetClose,ui,components/ui/sheet.tsx
SheetContent,ui,components/ui/sheet.tsx
SheetDescription,ui,components/ui/sheet.tsx
SheetTitle,ui,components/ui/sheet.tsx
SheetTrigger,ui,components/ui/sheet.tsx
SplitPane,ui,components/ui/split-pane.tsx
SplitPaneEmpty,ui,components/ui/split-pane.tsx
Switch,ui,components/ui/switch.tsx
