200	/api/v1/me	GET__me.json	419B
200	/api/v1/dashboard	GET__dashboard.json	382B
200	/api/v1/announcements	GET__announcements.json	43B
200	/api/v1/events	GET__events.json	43B
200	/api/v1/missions	GET__missions.json	43B
200	/api/v1/servers	GET__servers.json	11B
200	/api/v1/leaderboards	GET__leaderboards.json	27B
200	/api/v1/vehicle-database	GET__vehicle-database.json	11B
200	/api/v1/factions	GET__factions.json	42B
200	/api/v1/modpacks	GET__modpacks.json	287B
200	/api/v1/modpacks/current	GET__modpacks__current.json	276B
200	/api/v1/me/deployments	GET__me__deployments.json	79B
200	/api/v1/me/link/status	GET__me__link__status.json	113B
200	/api/v1/registry	GET__registry.json	7802B
200	/api/v1/wiki	GET__wiki.json	11B
200	/api/v1/approvals	GET__approvals.json	43B
200	/api/v1/admin/users	GET__admin__users.json	258B
200	/api/v1/admin/audit-logs	GET__admin__audit-logs.json	30B
